page_id,source_family,source_page_role,page_count,section_order,header_logo,school_identity,student_identity,examination_title,marks_columns_widths,skills_personality,total_percentage_grade_rank,attendance,remarks,chart,grade_legend,signatures,margins,typography,borders,vertical_density,colour_palette,monochrome,classification,calibration_required
SRC-KG-01,KG,cover,mismatch,wrong,material,material,material,n/a,n/a,n/a,missing,n/a,missing,missing,n/a,missing,material,material,material,material,material,material,MISSING_STRUCTURE,pink-green angular cover logo identity box booklet title
SRC-KG-02,KG,student profile,mismatch,wrong,material,material,material,n/a,n/a,n/a,material,material,n/a,n/a,material,material,material,material,material,material,material,material,MATERIAL_LAYOUT_DIFFERENCE,layered borders photo box dotted profile fields
SRC-KG-03,KG,instructions and grade scale,mismatch,wrong,material,material,material,n/a,n/a,n/a,material,material,n/a,material,material,material,material,material,material,material,material,material,MATERIAL_LAYOUT_DIFFERENCE,compact instructions and developmental grade table
SRC-KG-04,KG,intellectual skills,mismatch,wrong,material,material,n/a,n/a,material,material,material,material,n/a,n/a,n/a,material,material,material,material,material,material,material,MATERIAL_LAYOUT_DIFFERENCE,five-evaluation dense skills matrix
SRC-KG-05,KG,English development,mismatch,wrong,material,material,n/a,n/a,material,n/a,material,material,n/a,n/a,n/a,material,material,material,material,material,material,material,MATERIAL_LAYOUT_DIFFERENCE,detailed oral and written matrix
SRC-KG-06,KG,Hindi and Number Work,mismatch,wrong,material,material,n/a,n/a,material,n/a,material,material,n/a,n/a,n/a,material,material,material,material,material,material,material,MATERIAL_LAYOUT_DIFFERENCE,detailed Hindi and number-work matrix
SRC-KG-07,KG,Number Work EVS rhymes story,mismatch,wrong,material,material,n/a,n/a,material,n/a,material,material,n/a,n/a,n/a,material,material,material,material,material,material,material,MATERIAL_LAYOUT_DIFFERENCE,subject-development continuation
SRC-KG-08,KG,personality attendance growth,mismatch,wrong,material,material,n/a,n/a,n/a,material,material,material,material,n/a,n/a,material,material,material,material,material,material,material,MATERIAL_LAYOUT_DIFFERENCE,personality monthly attendance height weight
SRC-KG-09,KG,comments signatures promotion,mismatch,wrong,material,material,material,n/a,n/a,n/a,material,material,material,material,n/a,material,material,material,material,material,material,material,MATERIAL_LAYOUT_DIFFERENCE,five comments signatures and promotion
SRC-KG-10,KG,back cover,mismatch,wrong,material,material,n/a,n/a,n/a,n/a,missing,n/a,missing,missing,n/a,missing,material,material,material,material,material,material,MISSING_STRUCTURE,pink-green final cover and school identity
SRC-I-01,Classes I-II,academic one-page,mismatch,wrong,material,material,material,material,material,material,material,material,material,material,material,material,material,material,material,material,material,material,MATERIAL_LAYOUT_DIFFERENCE,compact occupied A4 marks and skills side by side
SRC-I-02,Classes I-II,academic one-page,mismatch,wrong,material,material,material,material,material,material,material,material,material,material,material,material,material,material,material,material,material,material,MATERIAL_LAYOUT_DIFFERENCE,compact occupied A4 marks and skills side by side
SRC-I-03,Classes I-II,academic one-page,mismatch,wrong,material,material,material,material,material,material,material,material,material,material,material,material,material,material,material,material,material,material,MATERIAL_LAYOUT_DIFFERENCE,compact occupied A4 marks and skills side by side
SRC-I-04,Classes I-II,academic one-page,mismatch,wrong,material,material,material,material,material,material,material,material,material,material,material,material,material,material,material,material,material,material,MATERIAL_LAYOUT_DIFFERENCE,compact occupied A4 marks and skills side by side
SRC-I-05,Classes I-II,academic one-page,mismatch,wrong,material,material,material,material,material,material,material,material,material,material,material,material,material,material,material,material,material,material,MATERIAL_LAYOUT_DIFFERENCE,compact occupied A4 marks and skills side by side
SRC-I-06,Classes I-II,academic one-page,mismatch,wrong,material,material,material,material,material,material,material,material,material,material,material,material,material,material,material,material,material,material,MATERIAL_LAYOUT_DIFFERENCE,compact occupied A4 marks and skills side by side
SRC-II-01,Classes I-II,academic one-page,mismatch,wrong,material,material,material,material,material,material,material,material,material,material,material,material,material,material,material,material,material,material,MATERIAL_LAYOUT_DIFFERENCE,Class II Session exact and refined approval direction
SRC-II-02,Classes I-II,academic one-page,mismatch,wrong,material,material,material,material,material,material,material,material,material,material,material,material,material,material,material,material,material,material,MATERIAL_LAYOUT_DIFFERENCE,Class II Session exact and refined approval direction
SRC-II-03,Classes I-II,academic one-page,mismatch,wrong,material,material,material,material,material,material,material,material,material,material,material,material,material,material,material,material,material,material,MATERIAL_LAYOUT_DIFFERENCE,Class II Session exact and refined approval direction
SRC-II-04,Classes I-II,academic one-page,mismatch,wrong,material,material,material,material,material,material,material,material,material,material,material,material,material,material,material,material,material,material,MATERIAL_LAYOUT_DIFFERENCE,Class II Session exact and refined approval direction
SRC-II-05,Classes I-II,academic one-page,mismatch,wrong,material,material,material,material,material,material,material,material,material,material,material,material,material,material,material,material,material,material,MATERIAL_LAYOUT_DIFFERENCE,Class II Session exact and refined approval direction
SRC-II-06,Classes I-II,academic one-page,mismatch,wrong,material,material,material,material,material,material,material,material,material,material,material,material,material,material,material,material,material,material,MATERIAL_LAYOUT_DIFFERENCE,Class II Session exact and refined approval direction
SRC-III-01,Classes III-V,academic one-page,mismatch,wrong,material,material,material,material,material,material,material,material,material,material,material,material,material,material,material,material,material,material,MATERIAL_LAYOUT_DIFFERENCE,separate Science and Social with compact skills
SRC-III-02,Classes III-V,academic one-page,mismatch,wrong,material,material,material,material,material,material,material,material,material,material,material,material,material,material,material,material,material,material,MATERIAL_LAYOUT_DIFFERENCE,separate Science and Social with compact skills
SRC-III-03,Classes III-V,academic one-page,mismatch,wrong,material,material,material,material,material,material,material,material,material,material,material,material,material,material,material,material,material,material,MATERIAL_LAYOUT_DIFFERENCE,separate Science and Social with compact skills
SRC-III-04,Classes III-V,academic one-page,mismatch,wrong,material,material,material,material,material,material,material,material,material,material,material,material,material,material,material,material,material,material,MATERIAL_LAYOUT_DIFFERENCE,separate Science and Social with compact skills
SRC-III-05,Classes III-V,academic one-page,mismatch,wrong,material,material,material,material,material,material,material,material,material,material,material,material,material,material,material,material,material,material,MATERIAL_LAYOUT_DIFFERENCE,separate Science and Social with compact skills
SRC-III-06,Classes III-V,academic one-page,mismatch,wrong,material,material,material,material,material,material,material,material,material,material,material,material,material,material,material,material,material,material,MATERIAL_LAYOUT_DIFFERENCE,separate Science and Social with compact skills
SRC-IV-01,Classes III-V,academic one-page,mismatch,wrong,material,material,material,material,material,material,material,material,material,material,material,material,material,material,material,material,material,material,MATERIAL_LAYOUT_DIFFERENCE,separate Science and Social with compact skills
SRC-IV-02,Classes III-V,academic one-page,mismatch,wrong,material,material,material,material,material,material,material,material,material,material,material,material,material,material,material,material,material,material,MATERIAL_LAYOUT_DIFFERENCE,separate Science and Social with compact skills
SRC-IV-03,Classes III-V,academic one-page,mismatch,wrong,material,material,material,material,material,material,material,material,material,material,material,material,material,material,material,material,material,material,MATERIAL_LAYOUT_DIFFERENCE,separate Science and Social with compact skills
SRC-IV-04,Classes III-V,academic one-page,mismatch,wrong,material,material,material,material,material,material,material,material,material,material,material,material,material,material,material,material,material,material,MATERIAL_LAYOUT_DIFFERENCE,separate Science and Social with compact skills
SRC-IV-05,Classes III-V,academic one-page,mismatch,wrong,material,material,material,material,material,material,material,material,material,material,material,material,material,material,material,material,material,material,MATERIAL_LAYOUT_DIFFERENCE,separate Science and Social with compact skills
SRC-IV-06,Classes III-V,academic one-page,mismatch,wrong,material,material,material,material,material,material,material,material,material,material,material,material,material,material,material,material,material,material,MATERIAL_LAYOUT_DIFFERENCE,separate Science and Social with compact skills
SRC-V-01,Classes III-V,academic one-page,mismatch,wrong,material,material,material,material,material,material,material,material,material,material,material,material,material,material,material,material,material,material,MATERIAL_LAYOUT_DIFFERENCE,Class V Session exact and refined approval direction
SRC-V-02,Classes III-V,academic one-page,mismatch,wrong,material,material,material,material,material,material,material,material,material,material,material,material,material,material,material,material,material,material,MATERIAL_LAYOUT_DIFFERENCE,Class V Session exact and refined approval direction
SRC-V-03,Classes III-V,academic one-page,mismatch,wrong,material,material,material,material,material,material,material,material,material,material,material,material,material,material,material,material,material,material,MATERIAL_LAYOUT_DIFFERENCE,Class V Session exact and refined approval direction
SRC-V-04,Classes III-V,academic one-page,mismatch,wrong,material,material,material,material,material,material,material,material,material,material,material,material,material,material,material,material,material,material,MATERIAL_LAYOUT_DIFFERENCE,Class V Session exact and refined approval direction
SRC-V-05,Classes III-V,academic one-page,mismatch,wrong,material,material,material,material,material,material,material,material,material,material,material,material,material,material,material,material,material,material,MATERIAL_LAYOUT_DIFFERENCE,Class V Session exact and refined approval direction
SRC-V-06,Classes III-V,academic one-page,mismatch,wrong,material,material,material,material,material,material,material,material,material,material,material,material,material,material,material,material,material,material,MATERIAL_LAYOUT_DIFFERENCE,Class V Session exact and refined approval direction
SRC-VI-01,Classes VI-VIII,grouped one-page,mismatch,wrong,material,material,material,material,material,material,material,material,material,material,material,material,material,material,material,material,material,material,MATERIAL_LAYOUT_DIFFERENCE,English Social Science grouping and personality
SRC-VI-02,Classes VI-VIII,grouped one-page,mismatch,wrong,material,material,material,material,material,material,material,material,material,material,material,material,material,material,material,material,material,material,MATERIAL_LAYOUT_DIFFERENCE,English Social Science grouping and personality
SRC-VI-03,Classes VI-VIII,grouped one-page,mismatch,wrong,material,material,material,material,material,material,material,material,material,material,material,material,material,material,material,material,material,material,MATERIAL_LAYOUT_DIFFERENCE,English Social Science grouping and personality
SRC-VI-04,Classes VI-VIII,grouped one-page,mismatch,wrong,material,material,material,material,material,material,material,material,material,material,material,material,material,material,material,material,material,material,MATERIAL_LAYOUT_DIFFERENCE,English Social Science grouping and personality
SRC-VI-05,Classes VI-VIII,grouped one-page,mismatch,wrong,material,material,material,material,material,material,material,material,material,material,material,material,material,material,material,material,material,material,MATERIAL_LAYOUT_DIFFERENCE,English Social Science grouping and personality
SRC-VII-01,Classes VI-VIII,grouped one-page,mismatch,wrong,material,material,material,material,material,material,material,material,material,material,material,material,material,material,material,material,material,material,MATERIAL_LAYOUT_DIFFERENCE,English Social Science grouping and personality
SRC-VII-02,Classes VI-VIII,grouped one-page,mismatch,wrong,material,material,material,material,material,material,material,material,material,material,material,material,material,material,material,material,material,material,MATERIAL_LAYOUT_DIFFERENCE,English Social Science grouping and personality
SRC-VII-03,Classes VI-VIII,grouped one-page,mismatch,wrong,material,material,material,material,material,material,material,material,material,material,material,material,material,material,material,material,material,material,MATERIAL_LAYOUT_DIFFERENCE,English Social Science grouping and personality
SRC-VII-04,Classes VI-VIII,grouped one-page,mismatch,wrong,material,material,material,material,material,material,material,material,material,material,material,material,material,material,material,material,material,material,MATERIAL_LAYOUT_DIFFERENCE,English Social Science grouping and personality
SRC-VII-05,Classes VI-VIII,grouped one-page,mismatch,wrong,material,material,material,material,material,material,material,material,material,material,material,material,material,material,material,material,material,material,MATERIAL_LAYOUT_DIFFERENCE,English Social Science grouping and personality
SRC-VII-06,Classes VI-VIII,grouped one-page,mismatch,wrong,material,material,material,material,material,material,material,material,material,material,material,material,material,material,material,material,material,material,MATERIAL_LAYOUT_DIFFERENCE,English Social Science grouping and personality
SRC-VIII-01,Classes VI-VIII,grouped one-page,mismatch,wrong,material,material,material,material,material,material,material,material,material,material,material,material,material,material,material,material,material,material,MATERIAL_LAYOUT_DIFFERENCE,English Social Science grouping and personality
SRC-VIII-02,Classes VI-VIII,grouped one-page,mismatch,wrong,material,material,material,material,material,material,material,material,material,material,material,material,material,material,material,material,material,material,MATERIAL_LAYOUT_DIFFERENCE,English Social Science grouping and personality
SRC-VIII-03,Classes VI-VIII,grouped one-page,mismatch,wrong,material,material,material,material,material,material,material,material,material,material,material,material,material,material,material,material,material,material,MATERIAL_LAYOUT_DIFFERENCE,English Social Science grouping and personality
SRC-VIII-04,Classes VI-VIII,grouped one-page,mismatch,wrong,material,material,material,material,material,material,material,material,material,material,material,material,material,material,material,material,material,material,MATERIAL_LAYOUT_DIFFERENCE,English Social Science grouping and personality
SRC-VIII-05,Classes VI-VIII,grouped one-page,mismatch,wrong,material,material,material,material,material,material,material,material,material,material,material,material,material,material,material,material,material,material,MATERIAL_LAYOUT_DIFFERENCE,English Social Science grouping and personality
SRC-VIII-06,Classes VI-VIII,grouped one-page,mismatch,wrong,material,material,material,material,material,material,material,material,material,material,material,material,material,material,material,material,material,material,MATERIAL_LAYOUT_DIFFERENCE,English Social Science grouping and personality
SRC-IX-COMBINED-01,Classes IX-X,combined one-page,mismatch,wrong,material,material,material,material,material,wrong,n/a,material,material,material,material,material,material,material,material,material,material,material,WRONG_TEMPLATE_FAMILY,dense full-width combined table chart legend signatures
SRC-IX-COMBINED-02,Classes IX-X,combined one-page,mismatch,wrong,material,material,material,material,material,wrong,n/a,material,material,material,material,material,material,material,material,material,material,material,WRONG_TEMPLATE_FAMILY,dense full-width combined table chart legend signatures
SRC-IX-COMBINED-03,Classes IX-X,combined one-page,mismatch,wrong,material,material,material,material,material,wrong,n/a,material,material,material,material,material,material,material,material,material,material,material,WRONG_TEMPLATE_FAMILY,dense full-width combined table chart legend signatures
SRC-IX-COMBINED-04,Classes IX-X,combined one-page,mismatch,wrong,material,material,material,material,material,wrong,n/a,material,material,material,material,material,material,material,material,material,material,material,WRONG_TEMPLATE_FAMILY,dense full-width combined table chart legend signatures
SRC-IX-COMBINED-05,Classes IX-X,combined one-page,mismatch,wrong,material,material,material,material,material,wrong,n/a,material,material,material,material,material,material,material,material,material,material,material,WRONG_TEMPLATE_FAMILY,dense full-width combined table chart legend signatures
SRC-IX-COMBINED-06,Classes IX-X,combined one-page,mismatch,wrong,material,material,material,material,material,wrong,n/a,material,material,material,material,material,material,material,material,material,material,material,WRONG_TEMPLATE_FAMILY,dense full-width combined table chart legend signatures
SRC-X-01,Classes IX-X,CT revision one-page,mismatch,wrong,material,material,material,material,material,material,material,material,material,material,material,material,material,material,material,material,material,material,MATERIAL_LAYOUT_DIFFERENCE,grouped subjects and personality on one A4
SRC-X-02,Classes IX-X,CT revision one-page,mismatch,wrong,material,material,material,material,material,material,material,material,material,material,material,material,material,material,material,material,material,material,MATERIAL_LAYOUT_DIFFERENCE,grouped subjects and personality on one A4
SRC-X-03,Classes IX-X,CT revision one-page,mismatch,wrong,material,material,material,material,material,material,material,material,material,material,material,material,material,material,material,material,material,material,MATERIAL_LAYOUT_DIFFERENCE,grouped subjects and personality on one A4
SRC-X-04,Classes IX-X,CT revision one-page,mismatch,wrong,material,material,material,material,material,material,material,material,material,material,material,material,material,material,material,material,material,material,MATERIAL_LAYOUT_DIFFERENCE,grouped subjects and personality on one A4
SRC-X-05,Classes IX-X,CT revision one-page,mismatch,wrong,material,material,material,material,material,material,material,material,material,material,material,material,material,material,material,material,material,material,MATERIAL_LAYOUT_DIFFERENCE,grouped subjects and personality on one A4
SRC-X-06,Classes IX-X,CT revision one-page,mismatch,wrong,material,material,material,material,material,material,material,material,material,material,material,material,material,material,material,material,material,material,MATERIAL_LAYOUT_DIFFERENCE,grouped subjects and personality on one A4
SRC-X-07,Classes IX-X,CT revision one-page,mismatch,wrong,material,material,material,material,material,material,material,material,material,material,material,material,material,material,material,material,material,material,MATERIAL_LAYOUT_DIFFERENCE,grouped subjects and personality on one A4
